{"cameraMode":{"drawMode":0,"name":"Shaded","section":"Shading Mode"},"sceneLighting":false,"audioPlay":false,"sceneViewState":{"showFog":true,"showMaterialUpdate":false,"showSkybox":false,"showFlares":true,"showImageEffects":true,"showParticleSystems":true},"in2DMode":false,"pivot":{"x":-0.5899999737739563,"y":41.26822280883789,"z":-1.090000033378601},"rotation":{"x":0.6975140571594238,"y":0.0010862731141969562,"z":-0.0010311811929568649,"w":0.7166075110435486},"size":22.0,"orthographic":true}