{"cameraMode":{"drawMode":0,"name":"Shaded","section":"Shading Mode"},"sceneLighting":false,"audioPlay":false,"sceneViewState":{"showFog":true,"showMaterialUpdate":false,"showSkybox":false,"showFlares":true,"showImageEffects":true,"showParticleSystems":true},"in2DMode":false,"pivot":{"x":14.456681251525879,"y":-10.6640625,"z":6.064971923828125},"rotation":{"x":0.7123526930809021,"y":-0.00736806308850646,"z":0.007480616215616465,"w":0.7017462253570557},"size":13.810851097106934,"orthographic":true}