{"cameraMode":{"drawMode":0,"name":"Shaded","section":"Shading Mode"},"sceneLighting":false,"audioPlay":false,"sceneViewState":{"showFog":true,"showMaterialUpdate":false,"showSkybox":false,"showFlares":true,"showImageEffects":true,"showParticleSystems":true},"in2DMode":false,"pivot":{"x":-6.760000228881836,"y":-11.600915908813477,"z":-2.1600000858306886},"rotation":{"x":0.12505842745304109,"y":-0.01339362096041441,"z":0.0016886255471035839,"w":0.9920588731765747},"size":3.451460838317871,"orthographic":true}