{"cameraMode":{"drawMode":0,"name":"Shaded","section":"Shading Mode"},"sceneLighting":false,"audioPlay":false,"sceneViewState":{"showFog":true,"showMaterialUpdate":false,"showSkybox":false,"showFlares":true,"showImageEffects":true,"showParticleSystems":true},"in2DMode":false,"pivot":{"x":-6.756900310516357,"y":-11.099915504455567,"z":-1.524959921836853},"rotation":{"x":0.7060339450836182,"y":-0.004248696379363537,"z":0.0042365374974906448,"w":0.7081554532051086},"size":1.523870587348938,"orthographic":true}